{"Labels": {"_type": "images/separated", "width": 2000, "height": 2000, "format": "jpg", "count": 2, "captions": ["labels_correlogram.jpg", "labels.jpg"]}, "train/box_loss": 0.10841330140829086, "train/obj_loss": 0.014585149474442005, "train/cls_loss": 0.08111477643251419, "metrics/precision": 0.0, "metrics/recall": 0.0, "metrics/mAP_0.5": 0.0, "metrics/mAP_0.5:0.95": 0.0, "val/box_loss": 0.10789616405963898, "val/obj_loss": 0.00991738773882389, "val/cls_loss": 0.08979407697916031, "x/lr0": 0.00019825180805870449, "x/lr1": 0.00019825180805870449, "x/lr2": 0.0981982518080587, "_runtime": 588, "_timestamp": 1616745320, "_step": 20, "Mosaics": {"_type": "images/separated", "width": 1280, "height": 1280, "format": "jpg", "count": 3, "captions": ["train_batch0.jpg", "train_batch1.jpg", "train_batch2.jpg"]}}